{
    "0.0": {
        "fraction": [],
        "beta": []
    },
    "0.9": {
        "fraction": [
            0.0,
            0.9
        ],
        "beta": [
            0.9999999999999062,
            0.9999999999999062
        ]
    }
}