{
    "0": 0,
    "1": -0.0024236914463169348,
    "2": -0.004843695640903882,
    "3": -0.007260012173863326,
    "4": -0.009672640654862742,
    "5": -0.012081580713087327,
    "6": -0.01448683199720407,
    "7": -0.0168883941753168,
    "8": -0.01928626693492132,
    "9": -0.021680449982886242,
    "10": -0.024070943045374407,
    "11": -0.02645774586783001,
    "12": -0.028840858214922695,
    "13": -0.031220279870514855,
    "14": -0.03359601063761361,
    "15": -0.035968050338335056,
    "16": -0.038336398813852146,
    "17": -0.040701055924361094,
    "18": -0.04306202154903652,
    "19": -0.045419295586003446,
    "20": -0.04777287795226525,
    "21": -0.05012276858368701,
    "22": -0.05246896743494085,
    "23": -0.05481147447946968,
    "24": -0.057150289709449555,
    "25": -0.05948541313572996,
    "26": -0.06181684478781065,
    "27": -0.0641445847137911,
    "28": -0.06646863298032409,
    "29": -0.06878898967258584,
    "30": -0.07110565489421312,
    "31": -0.07341862876728723,
    "32": -0.07572791143226618,
    "33": -0.07803350304796244,
    "34": -0.08033540379148423,
    "35": -0.08263361385820148,
    "36": -0.08492813346170944,
    "37": -0.08721896283376919,
    "38": -0.08950610222427673,
    "39": -0.0917895519012202,
    "40": -0.09406931215063044,
    "41": -0.09634538327654249,
    "42": -0.09861776560095897,
    "43": -0.1008864594637941,
    "44": -0.1031514652228403,
    "45": -0.10541278325371882,
    "46": -0.10767041394984612,
    "47": -0.10992435772238206,
    "48": -0.1121746150001833,
    "49": -0.11442118622977826,
    "50": -0.11666407187530738,
    "51": -0.11890327241848186,
    "52": -0.12113878835854988,
    "53": -0.12337062021224264,
    "54": -0.1255987685137371,
    "55": -0.12782323381461452,
    "56": -0.13004401668380794,
    "57": -0.13226111770756963,
    "58": -0.13447453748942234,
    "59": -0.13668427665011468,
    "60": -0.13889033582758376,
    "61": -0.1410927156769039,
    "62": -0.14329141687024968,
    "63": -0.1454864400968476,
    "64": -0.14767778606293908,
    "65": -0.14986545549172522,
    "66": -0.152049449123342,
    "67": -0.154229767714795,
    "68": -0.15640641203993108,
    "69": -0.15857938288939236,
    "70": -0.1607486810705649,
    "71": -0.16291430740754526,
    "72": -0.16507626274109058,
    "73": -0.16723454792857476,
    "74": -0.1693891638439488,
    "75": -0.17154011137769243,
    "76": -0.17368739143677675,
    "77": -0.17583100494461204,
    "78": -0.17797095284100925,
    "79": -0.1801072360821371,
    "80": -0.1822398556404753,
    "81": -0.1843688125047696,
    "82": -0.18649410767999586,
    "83": -0.18861574218730492,
    "84": -0.19073371706398642,
    "85": -0.19284803336342335,
    "86": -0.19495869215504755,
    "87": -0.19706569452429457,
    "88": -0.19916904157256324,
    "89": -0.2012687344171649,
    "90": -0.2033647741912899,
    "91": -0.20545716204395445,
    "92": -0.20754589913995794,
    "93": -0.2096309866598467,
    "94": -0.21171242579985788,
    "95": -0.21379021777188484,
    "96": -0.21586436380343083,
    "97": -0.2179348651375607,
    "98": -0.2200017230328638,
    "99": -0.22206493876340355,
    "100": -0.22412451361867738
}