{
    "fraction": [0.62, 0.22, 0.51, 0.54, 0.15, 0.5, 0.59, 0.27, 0.72, 0.23, 0.24, 0.73, 1.0, 0.64, 0.29, 0.36, 0.54, 1.0, 0.15, 0.33, 0.28, 0.42, 0.44, 0.48, 0.84], 
    "prob": [0.8045999999999277, 0.8172999999999263, 0.8013999999999281, 0.8060999999999275, 0.8355999999999243, 0.8125999999999268, 0.8039999999999278, 0.8072999999999274, 0.8086999999999273, 0.8077999999999274, 0.8161999999999264, 0.801699999999928, 0.8823999999999191, 0.8028999999999279, 0.8029999999999279, 0.8039999999999278, 0.811499999999927, 0.9060999999999165, 0.8249999999999255, 0.8093999999999272, 0.8174999999999263, 0.8062999999999275, 0.8024999999999279, 0.8052999999999276, 0.8027999999999279], 
    "E[Wealth]": [10201.992178970908, 9910.365930604241, 10035.88361969893, 10029.378601979664, 9849.21205791628, 10031.595955933508, 10255.27152123186, 9836.878837340584, 10106.458676100037, 9909.046653192261, 9891.240413038615, 10281.246498579783, 10648.532920698792, 10231.051421155413, 9962.702408485733, 9874.1050279884, 10047.04752138961, 10726.193904795162, 9848.523840109921, 9944.270175220592, 9896.558932659318, 9947.46994055947, 9972.844162092835, 10082.50650257532, 10269.632869898423]
}
