{
    "1": -0.0074454339032652495,
    "2": -0.014845840432470128,
    "3": -0.022201401027635705,
    "4": -0.02951229717737565,
    "5": -0.03677871041071027,
    "6": -0.044000822288946806,
    "7": -0.05117881439762001,
    "8": -0.058312868338507975,
    "9": -0.06540316572174054,
    "10": -0.07244988815787431,
    "11": -0.07945321725015149,
    "12": -0.08641333458675413,
    "13": -0.09333042173314068,
    "14": -0.10020466022445292,
    "15": -0.10703623155798099,
    "16": -0.11382531718567708,
    "17": -0.12057209850677449,
    "18": -0.1272767568604221,
    "19": -0.1339394735184509,
    "20": -0.14056042967810217,
    "21": -0.14713980645492042,
    "22": -0.15367778487564746,
    "23": -0.1601745458712197,
    "24": -0.166630270269805,
    "25": -0.17304513878989206,
    "26": -0.17941933203348942,
    "27": -0.1857530304793365,
    "28": -0.19204641447621085,
    "29": -0.19829966423628761,
    "30": -0.2045129598285423,
    "31": -0.2106864811722713,
    "32": -0.2168204080306171,
    "33": -0.22291492000417526,
    "34": -0.228970196524684,
    "35": -0.23498641684873656,
    "36": -0.24096376005161635,
    "37": -0.2469024050211089,
    "38": -0.2528025304514503,
    "39": -0.2586643148373082,
    "40": -0.2644879364678177,
    "41": -0.27027357342068575,
    "42": -0.27602140355637556,
    "43": -0.28173160451230717,
    "44": -0.2874043536971562,
    "45": -0.2930398282852094,
    "46": -0.298638205210759,
    "47": -0.30419966116259056,
    "48": -0.30972437257848057,
    "49": -0.3152125156398174,
    "50": -0.3206642662662356,
    "51": -0.326079800110317,
    "52": -0.33145929255236917,
    "53": -0.3368029186952407,
    "54": -0.34211085335921443,
    "55": -0.34738327107694233,
    "56": -0.35262034608845183,
    "57": -0.3578222523362076,
    "58": -0.36298916346021887,
    "59": -0.36812125279322777,
    "60": -0.3732186933559309,
    "61": -0.3782816578522795,
    "62": -0.38331031866481863,
    "63": -0.38830484785009345,
    "64": -0.39326541713411417,
    "65": -0.3981921979078683,
    "66": -0.4030853612228962,
    "67": -0.4079450777869187,
    "68": -0.41277151795953065,
    "69": -0.4175648517479281,
    "70": -0.4223252488027136,
    "71": -0.42705287841374917,
    "72": -0.4317479095060534,
    "73": -0.4364105106357715,
    "74": -0.4410408499861818,
    "75": -0.44563909536377344,
    "76": -0.45020541419436133,
    "77": -0.4547399735192687,
    "78": -0.45924293999155485,
    "79": -0.4637144798722952,
    "80": -0.4681547590269237,
    "81": -0.4725639429216164,
    "82": -0.47694219661973297,
    "83": -0.48128968477831247,
    "84": -0.48560657164461607,
    "85": -0.4898930210527251,
    "86": -0.49414919642018645,
    "87": -0.498375260744715,
    "88": -0.5025713766009422,
    "89": -0.5067377061372161,
    "90": -0.5108744110724506,
    "91": -0.5149816526930323,
    "92": -0.5190595918497648,
    "93": -0.5231083889548722,
    "94": -0.5271282039790474,
    "95": -0.5311191964485524,
    "96": -0.5350815254423639,
    "97": -0.5390153495893681,
    "98": -0.5429208270656106,
    "99": -0.5467981155915793,
    "100": -0.5506473724295511
}