{
    "0.01": 1.0000160344317603,
    "0.02": 1.000029966646243,
    "0.03": 1.0000417961427974,
    "0.04": 1.0000515221769988,
    "0.05": 1.0000591437600195,
    "0.06": 1.000064659657765,
    "0.07": 1.000068068389768,
    "0.08": 1.0000693682278428,
    "0.09": 1.000068557194489,
    "0.1": 1.0000656330610456,
    "0.11": 1.000060593345584,
    "0.12": 1.000053435310537,
    "0.13": 1.0000441559600557,
    "0.14": 1.000032752037083,
    "0.15": 1.0000192200201392,
    "0.16": 1.0000035561198062,
    "0.17": 0.9999857562748984,
    "0.18": 0.999965816148312,
    "0.19": 0.9999437311225341,
    "0.2": 0.9999194962948,
    "0.21": 0.999893106471882,
    "0.22": 0.9998645561644905,
    "0.23": 0.9998338395812707,
    "0.24": 0.9998009506223701,
    "0.25": 0.9997658828725574,
    "0.26": 0.9997286295938668,
    "0.27": 0.9996891837177372,
    "0.28": 0.9996475378366221,
    "0.29": 0.9996036841950323,
    "0.3": 0.9995576146799793,
    "0.31": 0.9995093208107786,
    "0.32": 0.9994587937281718,
    "0.33": 0.9994060241827198,
    "0.34": 0.9993510025224163,
    "0.35": 0.9992937186794666,
    "0.36": 0.999234162156169,
    "0.37": 0.9991723220098325,
    "0.38": 0.999108186836655,
    "0.39": 0.9990417447544813,
    "0.4": 0.9989729833843489,
    "0.41": 0.9989018898307238,
    "0.42": 0.9988284506603119,
    "0.43": 0.998752651879326,
    "0.44": 0.9986744789090688,
    "0.45": 0.9985939165596814,
    "0.46": 0.9985109490018851,
    "0.47": 0.998425559736526,
    "0.48": 0.9983377315617105,
    "0.49": 0.9982474465372877,
    "0.5": 0.9981546859464121,
    "0.51": 0.9980594302538763,
    "0.52": 0.9979616590608711,
    "0.53": 0.9978613510557772,
    "0.54": 0.9977584839605418,
    "0.55": 0.9976530344721263,
    "0.56": 0.9975449781984416,
    "0.57": 0.9974342895880939,
    "0.58": 0.9973209418531649,
    "0.59": 0.9972049068841239,
    "0.6": 0.9970861551558283,
    "0.61": 0.9969646556233875,
    "0.62": 0.9968403756064622,
    "0.63": 0.996713280660315,
    "0.64": 0.9965833344316212,
    "0.65": 0.9964504984966787,
    "0.66": 0.9963147321791933,
    "0.67": 0.9961759923442547,
    "0.68": 0.9960342331644176,
    "0.69": 0.9958894058529258,
    "0.7": 0.995741458358021,
    "0.71": 0.9955903350108822,
    "0.72": 0.9954359761179674,
    "0.73": 0.9952783174862392,
    "0.74": 0.9951172898667904,
    "0.75": 0.9949528182984924,
    "0.76": 0.9947848213281428,
    "0.77": 0.9946132100767028,
    "0.78": 0.9944378871118922,
    "0.79": 0.9942587450746527,
    "0.8": 0.9940756649892557,
    "0.81": 0.9938885141618683,
    "0.82": 0.9936971435366464,
    "0.83": 0.993501384326371,
    "0.84": 0.9933010436573699,
    "0.85": 0.993095898851305,
    "0.86": 0.9928856897845408,
    "0.87": 0.9926701084759803,
    "0.88": 0.9924487845784515,
    "0.89": 0.9922212646407775,
    "0.9": 0.9919869815813491,
    "0.91": 0.9917452081798174,
    "0.92": 0.9914949832624229,
    "0.93": 0.9912349886029245,
    "0.94": 0.9909633306428156,
    "0.95": 0.9906771218848875,
    "0.96": 0.9903715899296034,
    "0.97": 0.990037881110984,
    "0.98": 0.9896562654261665,
    "0.99": 0.9891640759452838,
    "1.0": 0.0
}