{
    "0": 0,
    "1": -0.0008416180924371373,
    "2": -0.0016830088442723443,
    "3": -0.002524171829515649,
    "4": -0.0033651066226398677,
    "5": -0.004205812798583418,
    "6": -0.005046289932752236,
    "7": -0.005886537601017485,
    "8": -0.00672655537971303,
    "9": -0.0075663428456536575,
    "10": -0.0084058995761017,
    "11": -0.009245225148799285,
    "12": -0.010084319141952213,
    "13": -0.010923181134229106,
    "14": -0.011761810704774311,
    "15": -0.012600207433196498,
    "16": -0.01343837089957018,
    "17": -0.014276300684442338,
    "18": -0.015113996368822366,
    "19": -0.01595145753420053,
    "20": -0.01678868376252665,
    "21": -0.017625674636221545,
    "22": -0.018462429738172536,
    "23": -0.01929894865174388,
    "24": -0.020135230960766783,
    "25": -0.020971276249539254,
    "26": -0.02180708410283232,
    "27": -0.02264265410589016,
    "28": -0.02347798584442336,
    "29": -0.02431307890462175,
    "30": -0.025147932873129414,
    "31": -0.025982547337083155,
    "32": -0.0268169218840771,
    "33": -0.027651056102180417,
    "34": -0.02848494957993983,
    "35": -0.02931860190636222,
    "36": -0.030152012670947567,
    "37": -0.030985181463648332,
    "38": -0.03181810787489914,
    "39": -0.032650791495609316,
    "40": -0.03348323191715641,
    "41": -0.034315428731392116,
    "42": -0.03514738153064836,
    "43": -0.03597908990772853,
    "44": -0.03681055345590585,
    "45": -0.037641771768930604,
    "46": -0.03847274444102881,
    "47": -0.03930347106690499,
    "48": -0.040133951241726244,
    "49": -0.040964184561149364,
    "50": -0.04179417062129842,
    "51": -0.04262390901877564,
    "52": -0.04345339935066017,
    "53": -0.044282641214504835,
    "54": -0.04511163420834103,
    "55": -0.04594037793067437,
    "56": -0.046768871980489714,
    "57": -0.047597115957248554,
    "58": -0.04842510946088807,
    "59": -0.049252852091822126,
    "60": -0.050080343450944385,
    "61": -0.050907583139623465,
    "62": -0.05173457075971176,
    "63": -0.05256130591353108,
    "64": -0.053387788203888155,
    "65": -0.054214017234066936,
    "66": -0.05503999260782708,
    "67": -0.055865713929411344,
    "68": -0.05669118080353798,
    "69": -0.05751639283540698,
    "70": -0.05834134963069727,
    "71": -0.05916605079556355,
    "72": -0.059990495936647625,
    "73": -0.06081468466106517,
    "74": -0.061638616576415145,
    "75": -0.06246229129077616,
    "76": -0.06328570841270652,
    "77": -0.06410886755124529,
    "78": -0.06493176831591391,
    "79": -0.065754410316713,
    "80": -0.06657679316412889,
    "81": -0.06739891646912104,
    "82": -0.06822077984313989,
    "83": -0.06904238289811075,
    "84": -0.06986372524644414,
    "85": -0.07068480650103118,
    "86": -0.07150562627524688,
    "87": -0.07232618418295114,
    "88": -0.07314647983847784,
    "89": -0.0739665128566532,
    "90": -0.07478628285278258,
    "91": -0.07560578944265163,
    "92": -0.07642503224253669,
    "93": -0.07724401086918999,
    "94": -0.078062724939852,
    "95": -0.07888117407224751,
    "96": -0.07969935788458211,
    "97": -0.08051727599554663,
    "98": -0.08133492802431919,
    "99": -0.08215231359055755,
    "100": -0.08296943231441084
}