{
    "0": 0,
    "1": -0.0018675821057065856,
    "2": -0.0037332926936639644,
    "3": -0.005597130189530784,
    "4": -0.007459093027511436,
    "5": -0.009319179650348128,
    "6": -0.011177388509318703,
    "7": -0.013033718064225756,
    "8": -0.014888166783388907,
    "9": -0.01674073314368159,
    "10": -0.01859141563045334,
    "11": -0.020440212737578418,
    "12": -0.022287122967433532,
    "13": -0.02413214483089529,
    "14": -0.025975276847334965,
    "15": -0.027816517544616306,
    "16": -0.029655865459077203,
    "17": -0.03149331913554301,
    "18": -0.033328877127303216,
    "19": -0.03516253799614229,
    "20": -0.036994300312274984,
    "21": -0.038824162654393965,
    "22": -0.04065212360963069,
    "23": -0.04247818177357306,
    "24": -0.04430233575025227,
    "25": -0.04612458415212255,
    "26": -0.047944925600085155,
    "27": -0.049763358723454755,
    "28": -0.051579882159968914,
    "29": -0.05339449455578986,
    "30": -0.05520719456545953,
    "31": -0.05701798085195222,
    "32": -0.05882685208662322,
    "33": -0.06063380694922449,
    "34": -0.06243884412788842,
    "35": -0.06424196231912722,
    "36": -0.0660431602278406,
    "37": -0.0678424365672758,
    "38": -0.06963979005905109,
    "39": -0.07143521943313864,
    "40": -0.07322872342786471,
    "41": -0.07502030078988764,
    "42": -0.07680995027422226,
    "43": -0.07859767064419747,
    "44": -0.08038346067147677,
    "45": -0.0821673191360372,
    "46": -0.08394924482617135,
    "47": -0.08572923653848614,
    "48": -0.08750729307786964,
    "49": -0.08928341325752163,
    "50": -0.09105759589892451,
    "51": -0.09282983983183798,
    "52": -0.09460014389430328,
    "53": -0.09636850693262514,
    "54": -0.09813492780137248,
    "55": -0.09989940536337141,
    "56": -0.10166193848969216,
    "57": -0.10342252605964987,
    "58": -0.10518116696079786,
    "59": -0.1069378600889164,
    "60": -0.10869260434800544,
    "61": -0.11044539865028762,
    "62": -0.11219624191618646,
    "63": -0.11394513307433357,
    "64": -0.11569207106155399,
    "65": -0.11743705482286083,
    "66": -0.1191800833114496,
    "67": -0.12092115548869059,
    "68": -0.12266027032411887,
    "69": -0.1243974267954374,
    "70": -0.1261326238884969,
    "71": -0.12786586059729854,
    "72": -0.12959713592397812,
    "73": -0.13132644887880862,
    "74": -0.1330537984801887,
    "75": -0.13477918375463188,
    "76": -0.13650260373676687,
    "77": -0.1382240574693211,
    "78": -0.13994354400312484,
    "79": -0.14166106239709353,
    "80": -0.1433766117182287,
    "81": -0.14509019104159784,
    "82": -0.14680179945034566,
    "83": -0.1485114360356721,
    "84": -0.15021909989683044,
    "85": -0.15192479014111646,
    "86": -0.15362850588386767,
    "87": -0.15533024624844669,
    "88": -0.15703001036624328,
    "89": -0.15872779737665624,
    "90": -0.16042360642710035,
    "91": -0.16211743667298034,
    "92": -0.16380928727769625,
    "93": -0.16549915741263566,
    "94": -0.1671870462571542,
    "95": -0.1688729529985862,
    "96": -0.17055687683221782,
    "97": -0.17223881696129348,
    "98": -0.17391877259699828,
    "99": -0.17559674295845787,
    "100": -0.1772727272727264
}