{
    "0": 0,
    "1": -0.0018736426457515102,
    "2": -0.0037465131530262956,
    "3": -0.005618603577397098,
    "4": -0.007489905992872288,
    "5": -0.009360412491961314,
    "6": -0.011230115185700086,
    "7": -0.013099006203706081,
    "8": -0.014967077694199733,
    "9": -0.016834321824132074,
    "10": -0.018700730779100484,
    "11": -0.020566296763484614,
    "12": -0.022431012000448294,
    "13": -0.024294868732009943,
    "14": -0.026157859219066153,
    "15": -0.028019975741445154,
    "16": -0.029881210597925686,
    "17": -0.03174155610631467,
    "18": -0.03360100460344867,
    "19": -0.03545954844530072,
    "20": -0.03731718000693925,
    "21": -0.03917389168261919,
    "22": -0.04102967588579475,
    "23": -0.04288452504919144,
    "24": -0.044738431624834964,
    "25": -0.04659138808406126,
    "26": -0.04844338691759941,
    "27": -0.050294420635588616,
    "28": -0.05214448176761361,
    "29": -0.0539935628627647,
    "30": -0.05584165648961696,
    "31": -0.057688755236358094,
    "32": -0.059534851710762,
    "33": -0.061379938540239584,
    "34": -0.06322400837188279,
    "35": -0.06506705387248779,
    "36": -0.06690906772863109,
    "37": -0.068750042646647,
    "38": -0.07058997135270144,
    "39": -0.07242884659281694,
    "40": -0.07426666113291666,
    "41": -0.07610340775883491,
    "42": -0.07793907927640477,
    "43": -0.07977366851142553,
    "44": -0.08160716830973853,
    "45": -0.08343957153725391,
    "46": -0.08527087107997701,
    "47": -0.08710105984406225,
    "48": -0.08893013075579576,
    "49": -0.09075807676169598,
    "50": -0.09258489082850548,
    "51": -0.09441056594322034,
    "52": -0.09623509511314414,
    "53": -0.09805847136590484,
    "54": -0.09988068774948791,
    "55": -0.10170173733226534,
    "56": -0.10352161320304186,
    "57": -0.10534030847106346,
    "58": -0.10715781626605399,
    "59": -0.10897412973826624,
    "60": -0.11078924205848045,
    "61": -0.11260314641805039,
    "62": -0.11441583602893095,
    "63": -0.11622730412370767,
    "64": -0.11803754395562326,
    "65": -0.11984654879860362,
    "66": -0.12165431194729176,
    "67": -0.123460826717068,
    "68": -0.1252660864440861,
    "69": -0.12707008448529566,
    "70": -0.12887281421846403,
    "71": -0.13067426904221932,
    "72": -0.13247444237605302,
    "73": -0.13427332766036526,
    "74": -0.13607091835648683,
    "75": -0.13786720794669374,
    "76": -0.1396621899342495,
    "77": -0.14145585784341425,
    "78": -0.14324820521947934,
    "79": -0.14503922562878765,
    "80": -0.14682891265876166,
    "81": -0.14861725991792005,
    "82": -0.15040426103590895,
    "83": -0.15218990966351648,
    "84": -0.15397419947270904,
    "85": -0.15575712415663698,
    "86": -0.15753867742967426,
    "87": -0.15931885302742393,
    "88": -0.1610976447067557,
    "89": -0.1628750462458157,
    "90": -0.16465105144405426,
    "91": -0.1664256541222429,
    "92": -0.1681988481224999,
    "93": -0.16997062730830612,
    "94": -0.17174098556452352,
    "95": -0.1735099167974281,
    "96": -0.17527741493470647,
    "97": -0.17704347392549846,
    "98": -0.17880808774040757,
    "99": -0.1805712503715112
}