{
    "0": 0,
    "1": -0.0019944579838881453,
    "2": -0.00398684617896544,
    "3": -0.005977162694428968,
    "4": -0.007965405650248527,
    "5": -0.009951573177172508,
    "6": -0.011935663416705142,
    "7": -0.013917674521108484,
    "8": -0.01589760465338097,
    "9": -0.017875451987280945,
    "10": -0.01985121470726512,
    "11": -0.021824891008527206,
    "12": -0.023796479096962378,
    "13": -0.02576597718916835,
    "14": -0.027733383512434793,
    "15": -0.029698696304735362,
    "16": -0.03166191381471311,
    "17": -0.03362303430167862,
    "18": -0.03558205603559166,
    "19": -0.03753897729707194,
    "20": -0.03949379637736177,
    "21": -0.04144651157833677,
    "22": -0.04339712121248668,
    "23": -0.045345623602911035,
    "24": -0.04729201708331305,
    "25": -0.049236299997977816,
    "26": -0.05117847070177413,
    "27": -0.05311852756014437,
    "28": -0.0550564689490852,
    "29": -0.05699229325515202,
    "30": -0.05892599887543068,
    "31": -0.06085758421754963,
    "32": -0.06278704769965483,
    "33": -0.06471438775040399,
    "34": -0.06663960280895814,
    "35": -0.06856269132496608,
    "36": -0.07048365175856924,
    "37": -0.07240248258037472,
    "38": -0.07431918227145069,
    "39": -0.07623374932331994,
    "40": -0.07814618223794843,
    "41": -0.08005647952772853,
    "42": -0.08196463971548579,
    "43": -0.0838706613344485,
    "44": -0.08577454292824808,
    "45": -0.08767628305091175,
    "46": -0.08957588026683823,
    "47": -0.0914733331508083,
    "48": -0.09336864028795112,
    "49": -0.09526180027375462,
    "50": -0.09715281171404039,
    "51": -0.0990416732249622,
    "52": -0.10092838343299297,
    "53": -0.10281294097490695,
    "54": -0.10469534449778128,
    "55": -0.10657559265897393,
    "56": -0.10845368412612494,
    "57": -0.11032961757713383,
    "58": -0.11220339170015628,
    "59": -0.11407500519358826,
    "60": -0.11594445676606278,
    "61": -0.11781174513642921,
    "62": -0.11967686903375135,
    "63": -0.1215398271972884,
    "64": -0.12340061837649136,
    "65": -0.12525924133098726,
    "66": -0.12711569483057017,
    "67": -0.12896997765518475,
    "68": -0.13082208859492686,
    "69": -0.1326720264500215,
    "70": -0.1345197900308126,
    "71": -0.13636537815775804,
    "72": -0.13820878966141278,
    "73": -0.1400500233824245,
    "74": -0.141889078171508,
    "75": -0.14372595288944814,
    "76": -0.1455606464070847,
    "77": -0.1473931576052966,
    "78": -0.14922348537499336,
    "79": -0.1510516286171045,
    "80": -0.152877586242565,
    "81": -0.15470135717230954,
    "82": -0.15652294033725084,
    "83": -0.15834233467827805,
    "84": -0.1601595391462403,
    "85": -0.16197455270193375,
    "86": -0.1637873743160933,
    "87": -0.16559800296938007,
    "88": -0.16740643765236524,
    "89": -0.1692126773655242,
    "90": -0.17101672111922003,
    "91": -0.17281856793369474,
    "92": -0.17461821683905565,
    "93": -0.17641566687526258,
    "94": -0.17821091709211917,
    "95": -0.18000396654925546,
    "96": -0.18179481431612032,
    "97": -0.18358345947196772,
    "98": -0.18536990110584514,
    "99": -0.1871541383165794,
    "100": -0.18893617021276612
}