{
    "0": 0,
    "1": -0.003523132835282313,
    "2": -0.007036407123987825,
    "3": -0.010539840686474282,
    "4": -0.01403345134654682,
    "5": -0.017517256931304633,
    "6": -0.02099127527098288,
    "7": -0.02445552419879586,
    "8": -0.027910021550777438,
    "9": -0.03135478516564754,
    "10": -0.03478983288462653,
    "11": -0.03821518255129548,
    "12": -0.04163085201144455,
    "13": -0.04503685911292009,
    "14": -0.04843322170546688,
    "15": -0.05181995764057899,
    "16": -0.05519708477134505,
    "17": -0.05856462095230156,
    "18": -0.06192258403927611,
    "19": -0.06527099188925194,
    "20": -0.06860986236019508,
    "21": -0.07193921331092014,
    "22": -0.0752590626009373,
    "23": -0.07856942809030416,
    "24": -0.08187032763948739,
    "25": -0.08516177910918941,
    "26": -0.08844380036023121,
    "27": -0.09171640925338954,
    "28": -0.09497962364925434,
    "29": -0.09823346140808502,
    "30": -0.1014779403896559,
    "31": -0.10471307845312765,
    "32": -0.10793889345689342,
    "33": -0.11115540325843414,
    "34": -0.11436262571418164,
    "35": -0.11756057867936508,
    "36": -0.12074928000788859,
    "37": -0.12392874755217044,
    "38": -0.12709899916300538,
    "39": -0.1302600526894322,
    "40": -0.13341192597858517,
    "41": -0.13655463687556044,
    "42": -0.13968820322327624,
    "43": -0.14281264286232995,
    "44": -0.14592797363085994,
    "45": -0.14903421336441203,
    "46": -0.15213137989579714,
    "47": -0.1552194910549655,
    "48": -0.15829856466885078,
    "49": -0.16136861856125165,
    "50": -0.16442967055269248,
    "51": -0.1674817384602828,
    "52": -0.17052484009758676,
    "53": -0.17355899327449173,
    "54": -0.17658421579706898,
    "55": -0.17960052546744487,
    "56": -0.18260794008366826,
    "57": -0.18560647743957553,
    "58": -0.18859615532466215,
    "59": -0.19157699152395183,
    "60": -0.1945490038178635,
    "61": -0.19751220998208222,
    "62": -0.20046662778742969,
    "63": -0.20341227499973846,
    "64": -0.2063491693797151,
    "65": -0.20927732868282173,
    "66": -0.21219677065914125,
    "67": -0.21510751305325287,
    "68": -0.21800957360410678,
    "69": -0.22090297004489393,
    "70": -0.22378772010292472,
    "71": -0.22666384149950258,
    "72": -0.22953135194979557,
    "73": -0.23239026916271704,
    "74": -0.23524061084079895,
    "75": -0.2380823946800691,
    "76": -0.24091563836992919,
    "77": -0.24374035959302986,
    "78": -0.24655657602515418,
    "79": -0.24936430533508852,
    "80": -0.2521635651845083,
    "81": -0.2549543732278548,
    "82": -0.2577367471122132,
    "83": -0.2605107044771977,
    "84": -0.2632762629548286,
    "85": -0.26603344016941666,
    "86": -0.2687822537374397,
    "87": -0.2715227212674342,
    "88": -0.27425486035986857,
    "89": -0.27697868860703034,
    "90": -0.2796942235929151,
    "91": -0.2824014828930996,
    "92": -0.2851004840746367,
    "93": -0.2877912446959378,
    "94": -0.2904737823066536,
    "95": -0.29314811444756755,
    "96": -0.29581425865047856,
    "97": -0.2984722324380858,
    "98": -0.30112205332388525,
    "99": -0.30376373881204466,
    "100": -0.30639730639730656
}