{
    "0": 0,
    "1": -0.005200236419050016,
    "2": -0.010388058697424691,
    "3": -0.015563383848660628,
    "4": -0.02072612983521645,
    "5": -0.025876215567851638,
    "6": -0.031013560904938803,
    "7": -0.036138086651724445,
    "8": -0.04124971455953,
    "9": -0.04634836732493884,
    "10": -0.05143396858881666,
    "11": -0.0565064429354082,
    "12": -0.061565715891296835,
    "13": -0.06661171392433818,
    "14": -0.07164436444253101,
    "15": -0.07666359579284475,
    "16": -0.08166933725997036,
    "17": -0.08666151906505648,
    "18": -0.09164007236434402,
    "19": -0.0966049292478199,
    "20": -0.10155602273771072,
    "21": -0.10649328678703929,
    "22": -0.11141665627805172,
    "23": -0.11632606702063354,
    "24": -0.12122145575066592,
    "25": -0.12610276012830465,
    "26": -0.13096991873626554,
    "27": -0.13582287107800986,
    "28": -0.140661557575902,
    "29": -0.14548591956932233,
    "30": -0.15029589931270868,
    "31": -0.15509143997359356,
    "32": -0.15987248563055229,
    "33": -0.1646389812711195,
    "34": -0.1693908727896684,
    "35": -0.17412810698522413,
    "36": -0.17885063155926248,
    "37": -0.18355839511341868,
    "38": -0.1882513471471982,
    "39": -0.19292943805560664,
    "40": -0.19759261912675669,
    "41": -0.20224084253943012,
    "42": -0.2068740613605948,
    "43": -0.21149222954285857,
    "44": -0.21609530192191684,
    "45": -0.22068323421392974,
    "46": -0.2252559830128773,
    "47": -0.22981350578786197,
    "48": -0.2343557608803604,
    "49": -0.23888270750147061,
    "50": -0.2433943057290837,
    "51": -0.24789051650502844,
    "52": -0.2523713016321869,
    "53": -0.25683662377155214,
    "54": -0.2612864464392679,
    "55": -0.2657207340036165,
    "56": -0.2701394516819774,
    "57": -0.2745425655377427,
    "58": -0.27893004247720593,
    "59": -0.28330185024640514,
    "60": -0.28765795742793177,
    "61": -0.2919983334377161,
    "62": -0.29632294852176316,
    "63": -0.300631773752863,
    "64": -0.304924781027263,
    "65": -0.30920194306131393,
    "66": -0.3134632333880768,
    "67": -0.3177086263538952,
    "68": -0.32193809711494764,
    "69": -0.32615162163375233,
    "70": -0.33034917667565755,
    "71": -0.33453073980528686,
    "72": -0.338696289382962,
    "73": -0.34284580456109826,
    "74": -0.34697926528056267,
    "75": -0.35109665226700904,
    "76": -0.3551979470271856,
    "77": -0.3592831318452081,
    "78": -0.36335218977881356,
    "79": -0.36740510465558246,
    "80": -0.3714418610691334,
    "81": -0.37546244437529563,
    "82": -0.3794668406882503,
    "83": -0.38345503687665156,
    "84": -0.3874270205597215,
    "85": -0.39138278010331884,
    "86": -0.39532230461598517,
    "87": -0.3992455839449651,
    "88": -0.40315260867220787,
    "89": -0.40704337011034436,
    "90": -0.4109178602986386,
    "91": -0.4147760719989194,
    "92": -0.4186179986914985,
    "93": -0.42244363457104905,
    "94": -0.4262529745424845,
    "95": -0.43004601421680244,
    "96": -0.4338227499069194,
    "97": -0.4375831786234754,
    "98": -0.44132729807062715,
    "99": -0.44505510664182385,
    "100": -0.44876660341556013
}