{
    "0": 0,
    "1": -0.005499637066833678,
    "2": -0.010975341966607877,
    "3": -0.016427178318280472,
    "4": -0.02185520982933117,
    "5": -0.027259500293684256,
    "6": -0.0326401135896331,
    "7": -0.037997113677777854,
    "8": -0.043330564598965365,
    "9": -0.048640530472293816,
    "10": -0.05392707549300024,
    "11": -0.059190263930501925,
    "12": -0.06443016012635994,
    "13": -0.06964682849227995,
    "14": -0.07484033350812337,
    "15": -0.08001073971992739,
    "16": -0.0851581117379128,
    "17": -0.09028251423455226,
    "18": -0.0953840119425895,
    "19": -0.10046266965313527,
    "20": -0.10551855221368191,
    "21": -0.11055172452623138,
    "22": -0.11556225154534028,
    "23": -0.12055019827625163,
    "24": -0.12551562977299457,
    "25": -0.13045861113648244,
    "26": -0.13537920751266672,
    "27": -0.14027748409065915,
    "28": -0.1451535061008901,
    "29": -0.15000733881326017,
    "30": -0.1548390475352934,
    "31": -0.15964869761035055,
    "32": -0.16443635441578597,
    "33": -0.16920208336116432,
    "34": -0.17394594988645648,
    "35": -0.17866801946025618,
    "36": -0.1833683575780367,
    "37": -0.18804702976034343,
    "38": -0.19270410155107165,
    "39": -0.1973396385157215,
    "40": -0.20195370623966483,
    "41": -0.206546370326409,
    "42": -0.21111769639591801,
    "43": -0.21566775008287606,
    "44": -0.22019659703500974,
    "45": -0.22470430291140817,
    "46": -0.22919093338085095,
    "47": -0.23365655412014652,
    "48": -0.23810123081246615,
    "49": -0.242525029145722,
    "50": -0.24692801481093057,
    "51": -0.25131025350057773,
    "52": -0.2556718109070216,
    "53": -0.26001275272088425,
    "54": -0.2643331446294521,
    "55": -0.268633052315108,
    "56": -0.272912541453748,
    "57": -0.2771716777132218,
    "58": -0.2814105267517787,
    "59": -0.28562915421652685,
    "60": -0.2898276257418999,
    "61": -0.2940060069481331,
    "62": -0.2981643634397492,
    "63": -0.3023027608040546,
    "64": -0.30642126460964747,
    "65": -0.3105199404049354,
    "66": -0.3145988537166546,
    "67": -0.3186580700484111,
    "68": -0.3226976548792266,
    "69": -0.3267176736620907,
    "70": -0.3307181918225245,
    "71": -0.33469927475716593,
    "72": -0.33866098783233506,
    "73": -0.34260339638264636,
    "74": -0.34652656570960344,
    "75": -0.350430561080214,
    "76": -0.3543154477256118,
    "77": -0.358181290839694,
    "78": -0.36202815557775636,
    "79": -0.36585610705515437,
    "80": -0.36966521034595595,
    "81": -0.373455530481614,
    "82": -0.3772271324496572,
    "83": -0.38098008119236587,
    "84": -0.3847144416054798,
    "85": -0.3884302785369103,
    "86": -0.39212765678545086,
    "87": -0.3958066410995099,
    "88": -0.39946729617585297,
    "89": -0.40310968665834024,
    "90": -0.40673387713669107,
    "91": -0.4103399321452469,
    "92": -0.4139279161617499,
    "93": -0.4174978936061197,
    "94": -0.42104992883925924,
    "95": -0.4245840861618482,
    "96": -0.428100429813162,
    "97": -0.43159902396989086,
    "98": -0.43507993274497314,
    "99": -0.43854322018643666,
    "100": -0.44198895027624385
}