{
    "0": 0,
    "1": -0.002459056837061953,
    "2": -0.004915470097471593,
    "3": -0.00736923012919817,
    "4": -0.009820327328699587,
    "5": -0.012268752140921328,
    "6": -0.014714495059310157,
    "7": -0.017157546625805157,
    "8": -0.019597897430817118,
    "9": -0.0220355381133325,
    "10": -0.024470459360751703,
    "11": -0.026902651909002238,
    "12": -0.029332106542500912,
    "13": -0.03175881409415398,
    "14": -0.03418276544535472,
    "15": -0.036603951525991066,
    "16": -0.03902236331440463,
    "17": -0.04143799183742588,
    "18": -0.043850828170327955,
    "19": -0.04626086343690053,
    "20": -0.048668088809322566,
    "21": -0.05107249550824806,
    "22": -0.05347407480273595,
    "23": -0.055872818010295824,
    "24": -0.058268716496838874,
    "25": -0.060661761676669375,
    "26": -0.06305194501249324,
    "27": -0.06543925801538568,
    "28": -0.06782369224478846,
    "29": -0.07020523930850123,
    "30": -0.07258389086262466,
    "31": -0.07495963861160701,
    "32": -0.07733247430819029,
    "33": -0.07970238975340607,
    "34": -0.08206937679654898,
    "35": -0.08443342733514823,
    "36": -0.08679453331500302,
    "37": -0.08915268673008947,
    "38": -0.09150787962258126,
    "39": -0.09386010408282547,
    "40": -0.09620935224931258,
    "41": -0.09855561630865402,
    "42": -0.1008988884955881,
    "43": -0.10323916109290714,
    "44": -0.10557642643146443,
    "45": -0.1079106768901431,
    "46": -0.11024190489583116,
    "47": -0.11257010292340354,
    "48": -0.11489526349565504,
    "49": -0.11721737918333583,
    "50": -0.11953644260507697,
    "51": -0.12185244642737643,
    "52": -0.12416538336457211,
    "53": -0.1264752461788026,
    "54": -0.12878202767998298,
    "55": -0.13108572072577113,
    "56": -0.13338631822154262,
    "57": -0.13568381312034042,
    "58": -0.13797819842286255,
    "59": -0.14026946717740907,
    "60": -0.14255761247986473,
    "61": -0.1448426274736527,
    "62": -0.14712450534969473,
    "63": -0.14940323934639102,
    "64": -0.15167882274956662,
    "65": -0.15395124889244216,
    "66": -0.15622051115558988,
    "67": -0.15848660296690764,
    "68": -0.16074951780155308,
    "69": -0.16300924918193496,
    "70": -0.16526579067764924,
    "71": -0.16751913590544854,
    "72": -0.16976927852919504,
    "73": -0.1720162122598188,
    "74": -0.17425993085527902,
    "75": -0.17650042812051103,
    "76": -0.17873769790739397,
    "77": -0.18097173411468864,
    "78": -0.18320253068801182,
    "79": -0.18543008161977603,
    "80": -0.18765438094914463,
    "81": -0.18987542276199143,
    "82": -0.19209320119084358,
    "83": -0.19430771041483863,
    "84": -0.19651894465967165,
    "85": -0.19872689819755213,
    "86": -0.2009315653471444,
    "87": -0.20313294047352115,
    "88": -0.20533101798811812,
    "89": -0.20752579234866944,
    "90": -0.20971725805916547,
    "91": -0.2119054096697926,
    "92": -0.21409024177688568,
    "93": -0.21627174902286675,
    "94": -0.21844992609619887,
    "95": -0.22062476773132672,
    "96": -0.22279626870861233,
    "97": -0.2249644238542934,
    "98": -0.22712922804041616,
    "99": -0.22929067618478008,
    "100": -0.23144876325088218
}