{
    "0": 0,
    "1": -0.005478283862835301,
    "2": -0.010932911331249217,
    "3": -0.01636394560021564,
    "4": -0.021771449926860302,
    "5": -0.027155487628774455,
    "6": -0.03251612208234266,
    "7": -0.03785341672106059,
    "8": -0.0431674350338744,
    "9": -0.04845824056358261,
    "10": -0.05372589690506707,
    "11": -0.05897046770375341,
    "12": -0.06419201665393366,
    "13": -0.06939060749713938,
    "14": -0.0745663040205363,
    "15": -0.0797191700553024,
    "16": -0.08484926947500245,
    "17": -0.08995666619402229,
    "18": -0.09504142416593683,
    "19": -0.10010360738199302,
    "20": -0.10514327986944108,
    "21": -0.11016050569002703,
    "22": -0.11515534893839487,
    "23": -0.12012787374055853,
    "24": -0.1250781442523385,
    "25": -0.1300062246578022,
    "26": -0.13491217916776693,
    "27": -0.13979824329643603,
    "28": -0.14466506107335142,
    "29": -0.14951023365632699,
    "30": -0.15433381977154007,
    "31": -0.15913587821809574,
    "32": -0.16391646786619285,
    "33": -0.16867564765537882,
    "34": -0.17341347659279133,
    "35": -0.17813001375139415,
    "36": -0.18282531826826462,
    "37": -0.18749944934280824,
    "38": -0.19215246623505963,
    "39": -0.19678442826395134,
    "40": -0.20139539480560475,
    "41": -0.20598542529160316,
    "42": -0.21055457920733867,
    "43": -0.21510291609025656,
    "44": -0.21963049552821087,
    "45": -0.22413737715777382,
    "46": -0.22862362066257236,
    "47": -0.23308928577163068,
    "48": -0.23753443225767457,
    "49": -0.24195911993554858,
    "50": -0.24636340866053272,
    "51": -0.2507473583267235,
    "52": -0.25511102886540793,
    "53": -0.2594544802434449,
    "54": -0.2637777724616602,
    "55": -0.2680809655532443,
    "56": -0.2723641195821602,
    "57": -0.27662729464155245,
    "58": -0.2808705508521736,
    "59": -0.28509394836081564,
    "60": -0.2892975473387407,
    "61": -0.2934814079801336,
    "62": -0.2976455905005557,
    "63": -0.3017901551353961,
    "64": -0.30591516213835346,
    "65": -0.31002067177989373,
    "66": -0.3141067443457647,
    "67": -0.3181734401354556,
    "68": -0.32222081946071585,
    "69": -0.3262489426440646,
    "70": -0.3302578700172937,
    "71": -0.3342476619200051,
    "72": -0.33821837869813276,
    "73": -0.3421700807024827,
    "74": -0.34610282828729316,
    "75": -0.35001668180876755,
    "76": -0.35391170162366264,
    "77": -0.35778794808783737,
    "78": -0.3616454815548454,
    "79": -0.36548436237452164,
    "80": -0.3693046508915668,
    "81": -0.37310640744416407,
    "82": -0.37688969236258085,
    "83": -0.38065456596778746,
    "84": -0.38440108857008987,
    "85": -0.38812932046775617,
    "86": -0.39183932194566706,
    "87": -0.3955311532739633,
    "88": -0.3992048747066997,
    "89": -0.40286054648051794,
    "90": -0.40649822881331704,
    "91": -0.4101179819029414,
    "92": -0.41371986592585586,
    "93": -0.41730394103586904,
    "94": -0.420870267362816,
    "95": -0.4244189050112801,
    "96": -0.42794991405932414,
    "97": -0.4314633545572065,
    "98": -0.43495928652612975,
    "99": -0.4384377699569788,
    "100": -0.44189886480908125
}