{
    "0": 0,
    "1": -0.0022811808817243605,
    "2": -0.004559912566450803,
    "3": -0.006836188691808978,
    "4": -0.009110002928671406,
    "5": -0.011381348981137638,
    "6": -0.01365022058651077,
    "7": -0.01591661151527979,
    "8": -0.01818051557109574,
    "9": -0.0204419265907768,
    "10": -0.022700838444241644,
    "11": -0.024957245034527495,
    "12": -0.02721114029775273,
    "13": -0.029462518203097657,
    "14": -0.031711372752785856,
    "15": -0.033957697982061774,
    "16": -0.03620148795916263,
    "17": -0.03844273678530144,
    "18": -0.0406814385946386,
    "19": -0.04291758755428106,
    "20": -0.04515117786421855,
    "21": -0.047382203757335116,
    "22": -0.04961065949936181,
    "23": -0.05183653938886781,
    "24": -0.05405983775723247,
    "25": -0.0562805489686109,
    "26": -0.058498667419918104,
    "27": -0.06071418754080408,
    "28": -0.06292710379361857,
    "29": -0.06513741067339876,
    "30": -0.06734510270782079,
    "31": -0.06955017445719831,
    "32": -0.07175262051444008,
    "33": -0.07395243550502602,
    "34": -0.0761496140869793,
    "35": -0.07834415095083341,
    "36": -0.08053604081962158,
    "37": -0.08272527844882553,
    "38": -0.08491185862635554,
    "39": -0.08709577617252535,
    "40": -0.08927702594002121,
    "41": -0.09145560281386071,
    "42": -0.09363150171138919,
    "43": -0.09580471758221751,
    "44": -0.09797524540821279,
    "45": -0.10014308020345875,
    "46": -0.10230821701422647,
    "47": -0.1044706509189503,
    "48": -0.10663037702817382,
    "49": -0.10878739048454654,
    "50": -0.11094168646277357,
    "51": -0.11309326016958546,
    "52": -0.11524210684371106,
    "53": -0.11738822175583774,
    "54": -0.11953160020858204,
    "55": -0.12167223753645258,
    "56": -0.12381012910582136,
    "57": -0.1259452703148836,
    "58": -0.12807765659362794,
    "59": -0.13020728340379767,
    "60": -0.13233414623885975,
    "61": -0.13445824062396533,
    "62": -0.1365795621159182,
    "63": -0.1386981063031362,
    "64": -0.14081386880561614,
    "65": -0.1429268452748949,
    "66": -0.14503703139402083,
    "67": -0.14714442287750493,
    "68": -0.1492490154712934,
    "69": -0.1513508049527236,
    "70": -0.1534497871304941,
    "71": -0.15554595784462025,
    "72": -0.15763931296639497,
    "73": -0.1597298483983572,
    "74": -0.1618175600742494,
    "75": -0.16390244395897488,
    "76": -0.16598449604856563,
    "77": -0.1680637123701376,
    "78": -0.17014008898185587,
    "79": -0.17221362197288748,
    "80": -0.17428430746337117,
    "81": -0.17635214160436508,
    "82": -0.17845118611589694,
    "83": -0.18065392115356615,
    "84": -0.18285644697604528,
    "85": -0.1850587347394921,
    "86": -0.18726075567781167,
    "87": -0.18946248110320668,
    "88": -0.19166388240669854,
    "89": -0.19386493105868005,
    "90": -0.196065598609432,
    "91": -0.19826585668966476,
    "92": -0.20046567701103465,
    "93": -0.20266503136665928,
    "94": -0.20486389163164348,
    "95": -0.20706222976358588,
    "96": -0.2092600178030863,
    "97": -0.21145722787425314,
    "98": -0.2136538321852071,
    "99": -0.21584980302856768,
    "100": -0.2180451127819556
}